CUSTOMER PART NO,AHL BACK NO.
69242-VT020-00,3025
69241-VT020-00,3026
68610-0K110-00,B201
68630-0K080-00,B203
68610-0K080-00,B205
68630-0K080-00,B207
68610-0K110-00,B209
69201-VT020-00,E009
69202-VT020-00,E010
69203-VT020-00,E011
69204-VT020-00,E012
69217-VT020-00,E013
69227-VT020-00,E014
69201-0K050-00,E101
69202-0K050-00,E102
69203-0K080-00,E103
69204-0K080-00,E104
69205-0K170-C0,E125
69206-0K160-C0,E126
69205-0K080-C0,E127
69206-0K080-C0,E128
69217-0K320-A0,E215
69217-0K320-A1,E217
69217-0K320-B0,E219
69217-0K320-B1,E221
69217-0K320-C0,E223
69217-0K320-E0,E225
69217-0K320-D0,E227
69227-0K170-A0,E229
69227-0K170-A1,E231
69227-0K170-B0,E233
69227-0K170-B1,E235
69227-0K170-C0,E237
69227-0K170-E0,E239
69227-0K170-D0,E241
69217-0K310-A0,E243
69217-0K310-A1,E245
69217-0K310-B0,E247
69217-0K310-B1,E249
69217-0K310-C0,E251
69217-0K310-E0,E253
69217-0K310-D0,E255
69217-0K360-00,E257
69227-0K190-00,E259
69217-0K310-E1,E267
69217-0K320-E1,E277
69227-0K170-E1,E287
69217-0K350-00,E291
69217-0K320-C2,E327
69227-0K170-C2,E341
69217-0K310-C2,E355
69227-0K170-J0,E529
69217-0K310-J0,E557
69217-0K320-J0,E589
69210-VT070-A0,E757
69210-VT070-A1,E759
69210-VT070-B0,E761
69210-VT070-C0,E763
69210-VT070-C1,E765
69210-VT070-C2,E767
69210-VT070-E0,E769
69210-VT070-J0,E771
69210-VT080-A0,E773
69210-VT080-A1,E775
69210-VT080-B0,E777
69210-VT080-C0,E779
69210-VT080-C1,E781
69210-VT080-C2,E783
69210-VT080-E0,E785
69210-VT080-J0,E787
69210-VT090-A0,E789
69210-VT090-A1,E791
69210-VT090-B0,E793
69210-VT090-C0,E795
69210-VT090-C1,E797
69210-VT090-C2,E799
69242-0K070-00,E801
69241-0K080-00,E803
69283-0K030-C0,E805
69284-0K020-C0,E806
69210-VT090-E0,E807
69210-VT090-J0,E809
69210-VT100-A0,E811
69210-VT100-A1,E813
69210-VT100-B0,E815
69210-VT100-C0,E817
69210-VT100-C1,E819
69210-VT100-C2,E821
69210-VT100-E0,E823
69210-VT100-J0,E825
69210-VT110-A0,E827
69210-VT110-A1,E829
69210-VT110-B0,E831
69210-VT110-C0,E833
69210-VT110-C1,E835
69210-VT110-C2,E837
69210-VT110-E0,E839
69210-VT110-J0,E841
69211-VT030-A0,E843
69211-VT030-A1,E845
69211-VT030-B0,E847
69211-VT030-C0,E849
69211-VT030-C1,E851
69211-VT030-C2,E853
69211-VT030-E0,E855
69211-VT040-A0,E857
69211-VT040-A1,E859
69211-VT040-B0,E861
69211-VT040-C0,E863
69211-VT040-C1,E865
69211-VT040-C2,E867
69211-VT040-E0,E869
69211-VT040-J0,E871
69210-0K170-A0,E901
69210-0K170-A1,E903
69210-0K170-B0,E905
69210-0K170-B1,E907
69210-0K170-C0,E909
69210-0K170-E0,E911
69210-0K170-D0,E913
69210-0K170-E1,E927
69210-0D380-C1,E955
69210-0D380-A1,E959
69210-0K100-00,E977
69210-0K190-00,E979
69210-0K170-J0,E985
69210-0K170-C2,E989
69030-02610-00,Y401
69040-02570-00,Y416
69050-02430-00,Y419
69060-02430-00,Y420
69050-0K070-00,Y611
69060-0K080-00,Y612
69050-0K160-00,Y613
69060-0K170-00,Y614
69035-02080-00,Y821
69036-02080-00,Y822
69037-02080-00,Y823
69038-02080-00,Y824
